{"columns":28,"rows":31,"respawnZones":{"blinky":{"x":13,"y":11},"pinky":{"x":11,"y":14},"inky":{"x":13,"y":14},"clyde":{"x":15,"y":14},"pacman":{"x":13,"y":23}},"scatteringZones":{"blinky":{"x":27,"y":0},"pinky":{"x":0,"y":0},"inky":{"x":27,"y":30},"clyde":{"x":0,"y":30}},"engagementZone":{"x":13,"y":11},"ghostHouseZone":{"x":10,"y":12,"width":8,"height":5},"textZone":{"x":9,"y":17,"width":10,"height":1},"tiles":["M 0 0 L 1 0 M 0 0.5 L 1 0.5","M 0 0.5 L 1 0.5 M 0 1 L 1 1","M 0 0 L 0 1 M 0.5 0 L 0.5 1","M 0.5 0 L 0.5 1 M 1 0 L 1 1","M 0.5 1 L 0.5 0.5 L 1 0.5","M 0.5 1 L 0.5 0.5 L 0 0.5","M 0.5 0 L 0.5 0.5 L 1 0.5","M 0.5 0 L 0.5 0.5 L 0 0.5","M 0 0 L 1 0 M 0 0.5 C 0.28125 0.5 0.5 0.78125 0.5 1","M 0 0 L 1 0 M 0.5 1 C 0.5 0.71875 0.78125 0.5 1 0.5","M 0 0 L 0 1 M 0.5 0 C 0.5 0.28125 0.71875 0.5 1 0.5","M 1 0 L 1 1 M 0.5 0 C 0.5 0.28125 0.21875 0.5 0 0.5","M 0 0 L 0 1 M 0.5 1 C 0.5 0.71875 0.78125 0.5 1 0.5","M 1 0 L 1 1 M 0.5 1 C 0.5 0.71875 0.21875 0.5 0 0.5","M 0.5 1 C 0.5 0.71875 0.71875 0.5 1 0.5 M 0 1 C 0 0.4375 0.5625 0 1 0","M 0.5 1 C 0.5 0.71875 0.21875 0.5 0 0.5 M 1 1 C 1 0.4375 0.4375 0 0 0","M 0.5 0 C 0.5 0.28125 0.78125 0.5 1 0.5 M 0 0 C 0 0.5625 0.5625 1 1 1","M 0 0.5 C 0.28125 0.5 0.5 0.28125 0.5 0 M 0 1 C 0.5625 1 1 0.5625 1 0","M 0.5 1 L 0.5 0","M 0 0.5 L 1 0.5","M 0.5 1 C 0.5 0.71875 0.71875 0.5 1 0.5","M 0.5 1 C 0.5 0.71875 0.28125 0.5 0 0.5","M 0.5 0 C 0.5 0.28125 0.71875 0.5 1 0.5","M 0 0.5 C 0.28125 0.5 0.5 0.28125 0.5 0","M 0 0.4375 L 1 0.4375 M 0 0.5 L 1 0.5 M 0 0.5625 L 1 0.5625",""],"resources":[[0,0,0,0,0,0,0,0,0,0,0,0,0,0,0,0,0,0,0,0,0,0,0,0,0,0,0,0],[0,1,1,1,1,1,1,1,1,1,1,1,1,0,0,1,1,1,1,1,1,1,1,1,1,1,1,0],[0,1,0,0,0,0,1,0,0,0,0,0,1,0,0,1,0,0,0,0,0,1,0,0,0,0,1,0],[0,2,0,0,0,0,1,0,0,0,0,0,1,0,0,1,0,0,0,0,0,1,0,0,0,0,2,0],[0,1,0,0,0,0,1,0,0,0,0,0,1,0,0,1,0,0,0,0,0,1,0,0,0,0,1,0],[0,1,1,1,1,1,1,1,1,1,1,1,1,1,1,1,1,1,1,1,1,1,1,1,1,1,1,0],[0,1,0,0,0,0,1,0,0,1,0,0,0,0,0,0,0,0,1,0,0,1,0,0,0,0,1,0],[0,1,0,0,0,0,1,0,0,1,0,0,0,0,0,0,0,0,1,0,0,1,0,0,0,0,1,0],[0,1,1,1,1,1,1,0,0,1,1,1,1,0,0,1,1,1,1,0,0,1,1,1,1,1,1,0],[0,0,0,0,0,0,1,0,0,0,0,0,0,0,0,0,0,0,0,0,0,1,0,0,0,0,0,0],[0,0,0,0,0,0,1,0,0,0,0,0,0,0,0,0,0,0,0,0,0,1,0,0,0,0,0,0],[0,0,0,0,0,0,1,0,0,0,0,0,0,0,0,0,0,0,0,0,0,1,0,0,0,0,0,0],[0,0,0,0,0,0,1,0,0,0,0,0,0,0,0,0,0,0,0,0,0,1,0,0,0,0,0,0],[0,0,0,0,0,0,1,0,0,0,0,0,0,0,0,0,0,0,0,0,0,1,0,0,0,0,0,0],[0,0,0,0,0,0,1,0,0,0,0,0,0,0,0,0,0,0,0,0,0,1,0,0,0,0,0,0],[0,0,0,0,0,0,1,0,0,0,0,0,0,0,0,0,0,0,0,0,0,1,0,0,0,0,0,0],[0,0,0,0,0,0,1,0,0,0,0,0,0,0,0,0,0,0,0,0,0,1,0,0,0,0,0,0],[0,0,0,0,0,0,1,0,0,0,0,0,0,0,0,0,0,0,0,0,0,1,0,0,0,0,0,0],[0,0,0,0,0,0,1,0,0,0,0,0,0,0,0,0,0,0,0,0,0,1,0,0,0,0,0,0],[0,0,0,0,0,0,1,0,0,0,0,0,0,0,0,0,0,0,0,0,0,1,0,0,0,0,0,0],[0,1,1,1,1,1,1,1,1,1,1,1,1,0,0,1,1,1,1,1,1,1,1,1,1,1,1,0],[0,1,0,0,0,0,1,0,0,0,0,0,1,0,0,1,0,0,0,0,0,1,0,0,0,0,1,0],[0,1,0,0,0,0,1,0,0,0,0,0,1,0,0,1,0,0,0,0,0,1,0,0,0,0,1,0],[0,2,1,1,0,0,1,1,1,1,1,1,1,1,1,1,1,1,1,1,1,1,0,0,1,1,2,0],[0,0,0,1,0,0,1,0,0,1,0,0,0,0,0,0,0,0,1,0,0,1,0,0,1,0,0,0],[0,0,0,1,0,0,1,0,0,1,0,0,0,0,0,0,0,0,1,0,0,1,0,0,1,0,0,0],[0,1,1,1,1,1,1,0,0,1,1,1,1,0,0,1,1,1,1,0,0,1,1,1,1,1,1,0],[0,1,0,0,0,0,0,0,0,0,0,0,1,0,0,1,0,0,0,0,0,0,0,0,0,0,1,0],[0,1,0,0,0,0,0,0,0,0,0,0,1,0,0,1,0,0,0,0,0,0,0,0,0,0,1,0],[0,1,1,1,1,1,1,1,1,1,1,1,1,1,1,1,1,1,1,1,1,1,1,1,1,1,1,0],[0,0,0,0,0,0,0,0,0,0,0,0,0,0,0,0,0,0,0,0,0,0,0,0,0,0,0,0]],"topography":[[14,0,0,0,0,0,0,0,0,0,0,0,0,8,9,0,0,0,0,0,0,0,0,0,0,0,0,15],[2,null,null,null,null,null,null,null,null,null,null,null,null,18,18,null,null,null,null,null,null,null,null,null,null,null,null,3],[2,null,20,19,19,21,null,20,19,19,19,21,null,18,18,null,20,19,19,19,21,null,20,19,19,21,null,3],[2,null,18,null,null,18,null,18,null,null,null,18,null,18,18,null,18,null,null,null,18,null,18,null,null,18,null,3],[2,null,22,19,19,23,null,22,19,19,19,23,null,22,23,null,22,19,19,19,23,null,22,19,19,23,null,3],[2,null,null,null,null,null,null,null,null,null,null,null,null,null,null,null,null,null,null,null,null,null,null,null,null,null,null,3],[2,null,20,19,19,21,null,20,21,null,20,19,19,19,19,19,19,21,null,20,21,null,20,19,19,21,null,3],[2,null,22,19,19,23,null,18,18,null,22,19,19,21,20,19,19,23,null,18,18,null,22,19,19,23,null,3],[2,null,null,null,null,null,null,18,18,null,null,null,null,18,18,null,null,null,null,18,18,null,null,null,null,null,null,3],[16,1,1,1,1,21,null,18,22,19,19,21,null,18,18,null,20,19,19,23,18,null,20,1,1,1,1,17],[null,null,null,null,null,2,null,18,20,19,19,23,null,22,23,null,22,19,19,21,18,null,3,null,null,null,null,null],[null,null,null,null,null,2,null,18,18,null,null,null,null,null,null,null,null,null,null,18,18,null,3,null,null,null,null,null],[null,null,null,null,null,2,null,18,18,null,4,19,19,24,24,19,19,5,null,18,18,null,3,null,null,null,null,null],[0,0,0,0,0,23,null,22,23,null,18,25,25,null,null,25,25,18,null,22,23,null,22,0,0,0,0,0],[null,null,null,null,null,null,null,null,null,null,18,null,null,null,null,null,null,18,null,null,null,null,null,null,null,null,null,null],[1,1,1,1,1,21,null,20,21,null,18,25,25,25,25,25,25,18,null,20,21,null,20,1,1,1,1,1],[null,null,null,null,null,2,null,18,18,null,6,19,19,19,19,19,19,7,null,18,18,null,3,null,null,null,null,null],[null,null,null,null,null,2,null,18,18,null,null,null,null,null,null,null,null,null,null,18,18,null,3,null,null,null,null,null],[null,null,null,null,null,2,null,18,18,null,20,19,19,19,19,19,19,21,null,18,18,null,3,null,null,null,null,null],[14,0,0,0,0,23,null,22,23,null,22,19,19,21,20,19,19,23,null,22,23,null,22,0,0,0,0,15],[2,null,null,null,null,null,null,null,null,null,null,null,null,18,18,null,null,null,null,null,null,null,null,null,null,null,null,3],[2,null,20,19,19,21,null,20,19,19,19,21,null,18,18,null,20,19,19,19,21,null,20,19,19,21,null,3],[2,null,22,19,21,18,null,22,19,19,19,23,null,22,23,null,22,19,19,19,23,null,18,20,19,23,null,3],[2,null,null,null,18,18,null,null,null,null,null,null,null,null,null,null,null,null,null,null,null,null,18,18,null,null,null,3],[10,19,21,null,18,18,null,20,21,null,20,19,19,19,19,19,19,21,null,20,21,null,18,18,null,20,19,11],[12,19,23,null,22,23,null,18,18,null,22,19,19,21,20,19,19,23,null,18,18,null,22,23,null,22,19,13],[2,null,null,null,null,null,null,18,18,null,null,null,null,18,18,null,null,null,null,18,18,null,null,null,null,null,null,3],[2,null,20,19,19,19,19,23,22,19,19,21,null,18,18,null,20,19,19,23,22,19,19,19,19,21,null,3],[2,null,22,19,19,19,19,19,19,19,19,23,null,22,23,null,22,19,19,19,19,19,19,19,19,23,null,3],[2,null,null,null,null,null,null,null,null,null,null,null,null,null,null,null,null,null,null,null,null,null,null,null,null,null,null,3],[16,1,1,1,1,1,1,1,1,1,1,1,1,1,1,1,1,1,1,1,1,1,1,1,1,1,1,17]]}